{
  "meta_title": "",
  "meta_description": "",
  "sections": [
    {
      "type": "banner-slider",
      "autoplay": 5000,
      "slides": [
        {
          "start": "2021-01-18T21:24:40.762Z",
          "end": "",
          "img": "/img/uploads/banner_linha_completa_1680x498px.jpg"
        },
        {
          "start": "2021-01-18T21:26:05.294Z",
          "end": "",
          "img": "/img/uploads/banner_masculino_1680x498px.jpg"
        },
        {
          "start": "2021-01-18T21:27:04.168Z",
          "end": "",
          "img": "/img/uploads/banner_feminina_1680x498px.jpg"
        },
        {
          "start": "2021-01-18T21:27:20.926Z",
          "end": "",
          "img": "/img/uploads/banner_home_1680x498px.jpg"
        }
      ]
    },
    {
      "type": "info-bar",
      "enabled": true
    },
    {
      "type": "collection-shelf",
      "shuffle": true,
      "collection_id": null,
      "limit": 12,
      "page": 1
    },
    {
      "type": "collection-shelf",
      "shuffle": true,
      "limit": 12,
      "page": 1,
      "collection_id": "60060fc869274c73fcf77e2c:categories:Kits Promocionais:/kitspromocionais",
      "title": ""
    },
    {
      "type": "collection-shelf",
      "shuffle": true,
      "limit": 12,
      "page": 1,
      "collection_id": "6006105469274c73fcf77ef4:categories:Barber Shop:/barbershop"
    },
    {
      "type": "collection-shelf",
      "shuffle": true,
      "limit": 12,
      "page": 1,
      "collection_id": "6006106169274c73fcf77f1c:categories:Outros Cosméticos:/outroscosmeticos"
    },
    {
      "type": "collection-shelf",
      "shuffle": true,
      "limit": 12,
      "page": 1,
      "collection_id": "6006104969274c73fcf77edf:categories:Linha Casa:/linhacasa"
    },
    {
      "type": "collection-shelf",
      "shuffle": true,
      "limit": 12,
      "page": 1,
      "collection_id": "60060fe669274c73fcf77e42:categories:Para Cabelos:/paracabelos"
    },
    {
      "type": "collection-shelf",
      "shuffle": true,
      "limit": 12,
      "page": 1,
      "collection_id": "60060ff269274c73fcf77e4b:categories:Perfumes:/perfumes"
    },
    {
      "type": "page-title",
      "title": "",
      "description": ""
    }
  ]
}